location,time_operation,local_production_opex,local_production_output,transport_opex,transport_output,total_opex,total_output,total_opex_per_unit,transport_to_production_opex_ratio,transport_to_production_output_ratio
AUS,0,340632.06686355424,393.41267,809981.8931679155,27.4208375,1150613.9600314698,420.8335075,2734.131050701731,2.377879160426687,0.06969993493092126
AUS,1,348717.3579255753,397.76685000000003,822940.7253866073,28.296425,1171658.0833121827,426.06327500000003,2749.9626277627017,2.3599075488586454,0.07113821828038208
AUS,2,357167.0186812135,402.42925,836438.8790759544,29.235496,1193605.897757168,431.66474600000004,2765.1224910481055,2.3418704284745595,0.07264754239409785
AUS,3,366217.42491428496,407.289175,850365.6204478147,30.1963765,1216583.0453620995,437.4855515,2780.853084612326,2.3220239196615156,0.07413989458472595
AUS,4,375267.8311473565,412.14910000000003,864950.9127174062,31.175531,1240218.7438647626,443.324631,2797.540802249633,2.304889577326349,0.07564139045796775
AUS,5,384318.237380428,417.009025,880210.3252656591,32.1736925,1264528.5626460873,449.1827175,2815.176348912149,2.290316304699219,0.07715346808141622
AUS,6,394570.1345683661,422.264,896026.9985378269,33.200094,1290597.133106193,455.464094,2833.5869942498543,2.27089412004794,0.07862402193888184
AUS,7,474185.49091230414,429.818975,912122.4627994762,39.7670525,1386307.9537117803,469.5860275,2952.1916593052383,1.9235562459842621,0.09252046748285135
AUS,8,514595.4138202423,436.07394999999997,929214.873722308,43.235389,1443810.2875425504,479.30933899999997,3012.2723887559187,1.8057193064042734,0.09914691992034838
AUS,9,525448.0564856137,441.52645,966632.3754560316,44.330198,1492080.4319416452,485.856648,3071.03018572187,1.8396345053043264,0.10040213445876232
AUS,10,567174.7519484183,451.93647500000003,1020988.8781425058,47.8523675,1588163.630090924,499.78884250000004,3177.6692375659104,1.8001310436247338,0.10588295069567022
AUS,11,717689.3691431858,574.907625,957748.5463239981,66.7060725,1675437.915467184,641.6136975000001,2611.2876361514773,1.334488969047162,0.11602920121297747
AUS,12,792694.8009089701,609.4949750000001,1080027.9110559297,74.4744125,1872722.7119648997,683.9693875,2738.021242163999,1.3624763399702882,0.1221903634234228
AUS,13,868300.9781521879,644.27985,1094383.5231701923,82.273001,1962684.5013223803,726.552851,2701.3650811789053,1.2603734772925461,0.12769761618340228
AUT,0,67855.34034629002,31.606157504000002,479426.734749088,86.54746508,547282.075095378,118.153622584,4631.953410537996,7.065423772136464,2.7383102507492962
AUT,1,68395.48577595303,31.8088,479681.5718870391,86.208049,548077.0576629922,118.01684900000001,4644.05771131029,7.013351341027962,2.7101949460526646
AUT,2,68395.48577595303,31.8088,479963.41389227554,84.68234299999999,548358.8996682286,116.491143,4707.301220902507,7.017472110140703,2.662230043258469
AUT,3,78762.57742780032,40.13074,481814.07356129965,89.3813625,560576.6509891,129.5121025,4328.372717052447,6.117296935882609,2.227254281879676
AUT,4,81359.03473032334,42.21498528400001,482402.7519722663,89.8316404925,563761.7867025896,132.0466257765,4269.4145601024575,5.929307710830914,2.12795621953106
AUT,5,86173.8192665272,46.079940796,483494.37774526275,88.66662110749999,569668.19701179,134.74656190349998,4227.701167023195,5.61068758307975,1.9241912983359726
AUT,6,91807.10488696229,50.601928881999996,484771.57711393177,88.60354629625,576578.6820008941,139.20547517825,4141.925317683057,5.280327461701443,1.7509914790573893
AUT,7,98398.04099957782,55.892648470000005,486265.8985471348,88.74654736875,584663.9395467127,144.63919583875,4042.2233832005068,4.9418249957763,1.5878035805797268
AUT,8,161699.50157829386,66.81300000000002,485833.07402699965,93.80812499999999,647532.5756052935,160.621125,4031.428466244982,3.004542804924865,1.40404000718423
AUT,9,171640.4507092054,70.54247475599999,486511.7000815247,92.4713191825,658152.15079073,163.0137939385,4037.4015897024656,2.8344816042564265,1.3108601520197567
AUT,10,212318.92743547482,89.31318880400002,490592.3167420967,96.8610208925,702911.2441775715,186.17420969650001,3775.5564818749754,2.3106386353199295,1.084509714517795
AUT,11,222243.7988577724,89.52697080400002,489971.044436941,97.16031569249999,712214.8432947134,186.6872864965,3815.0152410515966,2.204655639235648,1.0852630756960553
AUT,12,222243.7988577724,89.52697080400002,581103.080333365,100.7782607171462,803346.8791911374,190.3052315211462,4221.359931988373,2.614709986600116,1.1256748643688443
AUT,13,222243.7988577724,89.52697080400002,535970.2915248274,98.9769796925,758214.0903825997,188.5039504965,4022.2716202262172,2.411632154775342,1.1055548825525296
BRA,0,193965.16129199998,180.29999999999998,477132.8856789997,0.0,671098.0469709997,180.29999999999998,3722.118951586244,2.459889613685377,0.0
BRA,1,207448.88179199997,180.79999999999998,477132.8856789997,0.0,684581.7674709996,180.79999999999998,3786.40358114491,2.300002205639268,0.0
BRA,2,333733.02770360326,257.2848278400001,491546.6046599991,9.198686400000016,825279.6323636023,266.48351424000015,3096.92565679819,1.4728737159828067,0.03575292984520829
BRA,3,374456.05740510183,281.949,496194.6844192237,12.165,870650.7418243255,294.11400000000003,2960.2492292931497,1.32510791214794,0.04314610089058659
BRA,4,374456.05740510183,281.949,496194.6844192237,12.165,870650.7418243255,294.11400000000003,2960.2492292931497,1.32510791214794,0.04314610089058659
BRA,5,462368.73475191876,315.5805152325,496199.3013414559,13.444983283749995,958568.0360933747,329.02549851624997,2913.3548628178214,1.0731679372907614,0.04260397152164028
BRA,6,964725.00411521,501.1305818599998,496247.5428680659,26.819336269999983,1460972.546983276,527.9499181299998,2767.2559400293976,0.5143927448249311,0.053517660348041715
BRA,7,1082635.6486110324,544.682,496258.8658868893,29.9585,1578894.5144979218,574.6405,2747.621364136224,0.4583803115328455,0.055001817574291054
BRA,8,1082635.6486110324,544.682,496258.8658868893,29.9585,1578894.5144979218,574.6405,2747.621364136224,0.4583803115328455,0.055001817574291054
BRA,9,1082635.6486110324,544.682,496258.8658868893,29.9585,1578894.5144979218,574.6405,2747.621364136224,0.4583803115328455,0.055001817574291054
BRA,10,1234632.7193807603,700.709190044,714136.9055059823,58.604235567499984,1948769.6248867428,759.3134256115,2566.48909285034,0.5784205248214734,0.08363560290085537
BRA,11,1082635.6486110324,544.682,496257.2305796377,29.9585,1578892.87919067,574.6405,2747.618518344374,0.4583788010456805,0.055001817574291054
BRA,12,1139628.9698050127,576.5039999999999,505782.8581230577,34.61725,1645411.8279280704,611.1212499999999,2692.4474119138727,0.4438136196288479,0.06004685136616572
BRA,13,1139628.9698050127,576.5039999999999,505783.00748981774,34.61725,1645411.9772948304,611.1212499999999,2692.447656328152,0.4438137506949791,0.06004685136616572
CHN,0,4257948.823240613,4496.273404412001,389593.246867252,169.80600000000004,4647542.070107864,4666.079404412001,996.0272141347168,0.09149786975850566,0.03776594186496236
CHN,1,4671080.358481465,5031.20722724247,389523.1112484211,140.5003180362501,5060603.469729886,5171.70754527872,978.5169454041805,0.08339036825627472,0.027925766459286995
CHN,2,5141630.944882442,5628.6851827605005,389449.7357770319,109.7687338137501,5531080.680659474,5738.453916574251,963.8625248316754,0.07574439705063979,0.019501665175723285
CHN,3,5721611.174723863,6364.190433593,443799.75142015785,85.88274816250006,6165410.926144021,6450.073181755501,955.8668176949267,0.07756552094639262,0.013494685468425503
CHN,4,6347697.285857821,7136.304167773083,504728.23756285897,56.57312936460157,6852425.52342068,7192.877297137684,952.6682077765345,0.07951359600706771,0.00792751094047824
CHN,5,7060133.669798762,8008.9002043855835,621619.0124734042,53.46697327472526,7681752.682272166,8062.367177660309,952.7912228504338,0.08804635174720743,0.006675944500525471
CHN,6,7748597.317971512,8808.311648227584,765672.7594103233,117.2767976383516,8514270.077381834,8925.588445865935,953.9169466552527,0.09881436961945096,0.013314333361711849
CHN,7,8469778.424001666,9718.597254042856,910938.1077708872,187.09177708285702,9380716.531772554,9905.689031125712,947.0029295586015,0.1075515866140571,0.01925090341664569
CHN,8,9126128.895012341,10583.489653788001,986207.8710601326,240.9673,10112336.766072474,10824.456953788002,934.2119248332064,0.10806420579914447,0.022768227482865628
CHN,9,9826289.745119344,11583.192901208002,1065430.4672306345,296.5808,10891720.21234998,11879.773701208002,916.828930103479,0.10842652668163251,0.02560440826027078
CHN,10,10575916.413256735,12385.062692640002,1160558.4151640362,490.81824556,11736474.828420771,12875.880938200002,911.5084928753221,0.109735967060906,0.039629855555892796
CHN,11,11129004.563786546,12613.594028262574,1064743.2051782415,993.6256215800007,12193747.768964788,13607.219649842575,896.1233876389921,0.09567281593565741,0.07877418754350579
CHN,12,11732394.996893445,12946.530686376,970441.1373582686,1563.6610421600003,12702836.134251714,14510.191728536,875.4423354220808,0.0827146663247552,0.12077838303086749
CHN,13,12407982.540586118,13403.4982308,856511.547848617,2212.5755424400004,13264494.088434735,15616.073773240001,849.4128729825177,0.06902907423080222,0.1650744831193178
CZE,0,204364.84875261117,33.0271584125,672539.1243506349,116.51867980375,876903.9731032461,149.54583821625,5863.780520827358,3.2908747686093536,3.5279656320554187
CZE,1,217308.63095295033,34.3355,673616.7125861419,128.4878375000002,890925.3435390922,162.8233375000002,5471.730018671869,3.0998157304299028,3.7421280453175343
CZE,2,217308.63095295033,34.3355,678657.4898206965,131.0998375000002,895966.1207736469,165.4353375000002,5415.808583058295,3.123012127243272,3.818200914505401
CZE,3,217308.63095295033,34.3355,686709.8201410966,137.44983750000023,904018.4510940469,171.78533750000022,5262.489012451634,3.160066938573538,4.003140699858753
CZE,4,227154.48154895275,37.89623025417586,706723.7829496184,153.95724350164025,933878.2644985712,191.8534737558161,4867.664088726256,3.111203345540495,4.062600487410628
CZE,5,227154.48154895275,37.89623025417586,736091.3821519095,163.31550750164024,963245.8637008623,201.2117377558161,4787.225012040925,3.240488046427905,4.309544944345597
CZE,6,227154.48154895275,37.89623025417586,734676.0359112563,167.82803150164023,961830.5174602091,205.7242617558161,4675.338286554901,3.234257281219127,4.428620746073996
CZE,7,227154.48154895275,37.89623025417586,755523.7456227478,180.42378918164025,982678.2271717006,218.3200194358161,4501.090782747013,3.3260349541460807,4.760995697237167
CZE,8,272401.44943185215,44.388,883765.8822740791,227.32122400000003,1156167.3317059313,271.709224,4255.164085654786,3.2443508803545287,5.121231504010094
CZE,9,275849.5555271724,45.635000000000005,874632.111513775,241.802342,1150481.6670409474,287.437342,4002.5476823430527,3.170685230368696,5.298616018406924
CZE,10,537509.6453669206,69.76069705309322,750255.4568232144,297.3723747709522,1287765.102190135,367.13307182404543,3507.62489413462,1.3957990582867903,4.262749475462223
CZE,11,983068.6966703298,134.58550459299238,867742.2280562953,448.69799769697977,1850810.924726625,583.2835022899721,3173.0897881739115,0.8826872740382771,3.333925143379391
CZE,12,1196363.117928125,173.05947079789934,932428.7696785347,539.815394811737,2128791.88760666,712.8748656096363,2986.2069632461507,0.7793860874726105,3.1192479228261307
CZE,13,1281132.4282787284,189.61368171024696,974041.3178143114,601.2238025373035,2255173.74609304,790.8374842475505,2851.6272824861676,0.7602971373716527,3.1707828101563234
DEU,0,132609.318,24.44,536182.7791079757,96.648,668792.0971079756,121.088,5523.19054826222,4.043326571576031,3.9545008183306054
DEU,1,194433.13785223846,44.606532645346434,513533.78165916895,133.06224994601965,707966.9195114074,177.6687825913661,3984.7569684749524,2.641184457195946,2.983021590222197
DEU,2,277940.09244977654,71.84596447000001,560705.0751770916,184.47873164200004,838645.1676268682,256.3246961120001,3271.8079075003584,2.01735946129618,2.5676978937213786
DEU,3,295081.8634911102,77.4375,576561.7259409712,196.4385,871643.5894320814,273.876,3182.6212936952543,1.9539043136019132,2.5367360774818404
DEU,4,295081.8634911102,77.4375,576561.7259409712,195.4385,871643.5894320814,272.876,3194.2845447458976,1.9539043136019132,2.523822437449556
DEU,5,295081.8634911102,77.4375,576561.7259409712,197.4385,871643.5894320814,274.876,3171.0429045536225,1.9539043136019132,2.549649717514124
DEU,6,295081.8634911102,77.4375,599831.1526981,195.0315299999999,894913.0161892101,272.46902999999986,3284.457746222426,2.0327618431085677,2.518566973365616
DEU,7,681922.4738760454,112.340625,549478.81912475,248.7007825,1231401.2930007954,361.0414075,3410.692700118602,0.8057790147339094,2.213809852847089
DEU,8,1035202.2288558271,146.39626955445544,496837.9189127689,304.8883338762376,1532040.147768596,451.28460343069304,3394.842492125664,0.47994286049973683,2.0826236543058045
DEU,9,1087575.7317553144,163.48016955445544,564803.1717159555,340.1309098762375,1652378.9034712699,503.61107943069294,3281.0614598455645,0.5193230735338129,2.080563720989655
DEU,10,1102867.2654485954,168.46816955445547,602783.3657645886,350.17105538873767,1705650.631213184,518.6392249431931,3288.70349403288,0.5465602114134779,2.07855915046046
DEU,11,1102867.2654485954,168.46816955445547,693570.7071585365,351.71385538873756,1796437.972607132,520.182024943193,3453.4795253705925,0.6288795840507825,2.087716963500633
DEU,12,1102867.2654485954,168.46816955445547,675633.1736225432,353.51893038873754,1778500.4390711386,521.987099943193,3407.173164364962,0.6126151303871794,2.0984315988217968
DEU,13,1102867.2654485954,168.46816955445547,720109.7306165706,354.63086938873766,1822976.9960651658,523.0990389431931,3484.9557356253054,0.652943244555965,2.105031890158379
ITA,0,217043.24916439547,29.346107789999998,534171.0545389217,55.15131844275,751214.3037033172,84.49742623275,8890.38089318935,2.4611272481196753,1.8793401440971809
ITA,1,293115.2674755129,41.52208663366336,553431.1382571445,82.45602115841584,846546.4057326574,123.9781077920792,6828.192660855743,1.8881006882501559,1.9858351986474096
ITA,2,326694.62033656304,46.89675,591253.1314830385,95.00649900000002,917947.7518196015,141.90324900000002,6468.828291729962,1.809803696412036,2.0258653104959303
ITA,3,334745.96773634,49.47957381000001,639861.8212311625,100.91490357225003,974607.7889675025,150.39447738225005,6480.3429350028,1.9114847762263252,2.039526531892939
ITA,4,381115.8403830464,64.35475000000001,682699.3872847293,130.650988,1063815.2276677757,195.005738,5455.302180224951,1.7913172714064354,2.030168526798721
ITA,5,381115.8403830464,64.35475000000001,712635.0337645961,131.931218,1093750.8741476424,196.28596800000003,5572.231603166061,1.8698646402320909,2.050061852466212
ITA,6,381115.8403830464,64.35475000000001,784391.429940469,133.429086,1165507.2703235154,197.783836,5892.833782046351,2.0581443929281558,2.073337026404422
ITA,7,610970.3245034749,85.11444200000001,803491.6988234784,166.33369248000002,1414462.0233269534,251.44813448000002,5625.263540936942,1.3151075700386305,1.954235833209128
ITA,8,914656.5067027169,122.605125,820749.2427015562,250.2705625,1735405.749404273,372.8756875,4654.113442041653,0.897330568018708,2.041273254278726
ITA,9,1015050.1097272333,134.234625,914391.2226461224,273.54231849999996,1929441.3323733557,407.77694349999996,4731.609678106668,0.9008335784445557,2.0377925479361227
ITA,10,1119320.5828027097,145.666875,1060191.8888883723,295.95175550000005,2179512.471691082,441.61863050000005,4935.281985779089,0.947174478140764,2.031702509578791
ITA,11,1426708.5395046938,188.73363108646976,1079854.032335693,387.1050996978359,2506562.571840387,575.8387307843057,4352.889859329869,0.7568848173506992,2.051065819427173
ITA,12,1535585.3146586043,198.91713108646974,1231029.1255521253,405.7824286978358,2766614.44021073,604.6995597843056,4575.188447627732,0.8016676858008447,2.039957174535366
ITA,13,1679174.3565657332,213.37154999999998,1403914.3357950768,433.13261900000003,3083088.69236081,646.504169,4768.8612698811685,0.8360741874753129,2.0299455058558653
JPN,0,1044549.6008256789,142.28116,498056.5681945525,238.73223600000003,1542606.1690202313,381.01339600000006,4048.6927368302586,0.4768146651924013,1.6778907059796253
JPN,1,1113347.7247908597,151.619162275,500665.45254329295,255.72033715250004,1614013.1773341526,407.3394994275001,3962.3291617989066,0.44969369532536835,1.6865964256462913
JPN,2,1187110.6173601083,161.6310349675,503462.60521040816,273.93437276925005,1690573.2225705164,435.56540773675005,3881.3303181144183,0.42410757502110985,1.6948129598027475
JPN,3,1266196.5904475441,172.365411925,506461.6136935049,293.4628196675,1772658.204141049,465.8282315925,3805.3902359695226,0.3999865562064839,1.7025621114472327
JPN,4,1350989.5154439965,183.874396195,509677.0347276471,314.4004659845,1860666.5501716435,498.2748621795,3734.217178913897,0.377262020838218,1.7098653890402242
JPN,5,1441901.3791646746,196.21390694500002,513124.4912091019,336.8490423095001,1955025.8703737764,533.0629492545002,3667.5328366151157,0.3558665652337238,1.716743973728228
JPN,6,1539373.7215697328,209.44387460500002,516495.01188330253,360.91757669550003,2055868.7334530354,570.3614513005,3604.501546809275,0.33552281986249666,1.7232185824301205
JPN,7,1643880.0319652124,223.628566105,508067.4819584367,386.7229863455,2151947.513923649,610.3515524505,3525.75086486435,0.30906603406518435,1.729309421784346
JPN,8,1755927.8257105243,238.83686674749998,511369.86802972696,414.39059040725004,2267297.6937402515,653.22745715475,3470.916093478182,0.2912248786893075,1.7350361192158272
JPN,9,1876061.3599128488,255.14264881,514910.5652338718,444.05478055099996,2390971.9251467204,699.197429361,3419.5948450952424,0.2744636056348347,1.7404176942667053
JPN,10,2327635.331636583,316.435,528247.0858670867,555.5605,2855882.41750367,871.9955,3275.1114168635845,0.22694581006195289,1.7556860018645222
JPN,11,2327635.331636583,316.435,528247.0858670867,555.5605,2855882.41750367,871.9955,3275.1114168635845,0.22694581006195289,1.7556860018645222
JPN,12,2327635.331636583,316.435,528247.0858670867,555.5605,2855882.41750367,871.9955,3275.1114168635845,0.22694581006195289,1.7556860018645222
JPN,13,2449772.8885596525,333.0127890250001,531847.4328355066,585.7195370775,2981620.3213951592,918.7323261025001,3245.3634608068737,0.21710070975118315,1.7588499792827135
KOR,0,1380665.7570246584,253.21933975750005,579808.3068737129,366.6076210695001,1960474.0638983713,619.8269608270002,3162.9377032625703,0.4199483502243169,1.4477868136793515
KOR,1,1606201.401861506,287.14781392749995,582488.3646381929,423.108706694,2188689.766499699,710.2565206214999,3081.5482898833748,0.3626496427926899,1.4734874729042091
KOR,2,1777256.9514158724,314.63174668000005,592989.1562186189,467.9932092792501,2370246.1076344913,782.6249559592502,3028.584879112781,0.3336541493036261,1.4874316219438217
KOR,3,2095205.383980249,374.12446420000003,643406.3120033947,569.29672826,2738611.6959836436,943.42119246,2902.851576656476,0.30708507954533776,1.5216773633805045
KOR,4,2435166.606178659,423.3027127375,644252.222851572,646.9265023212499,3079418.829030231,1070.22921505875,2877.345138500248,0.26456186661599845,1.528283384100173
KOR,5,2745610.5522807506,468.53420000000006,645023.687314731,717.4947450000001,3390634.2395954817,1186.028945,2858.8123872436195,0.23492905313133955,1.5313604535165202
KOR,6,2745610.5522807506,468.53420000000006,645033.121834731,717.4947450000001,3390643.674115482,1186.028945,2858.8203419567317,0.23493248935065045,1.5313604535165202
KOR,7,2759460.5928623,474.00185855,656362.042489636,728.02261849875,3415822.6353519363,1202.02447704875,2841.7246907804874,0.23785882073742995,1.5359066749776356
KOR,8,2776097.1618553344,480.56957062,671612.0567683809,740.6686243195002,3447709.2186237155,1221.2381949395,2823.125933098182,0.24192671135455718,1.5412308011178009
KOR,9,2932650.9651912116,542.3731975700001,815954.8561006855,859.6703433082503,3748605.821291897,1402.0435408782505,2673.672901016856,0.27823115187779757,1.585016271378895
KOR,10,2983780.7733585583,562.558,863009.7537700471,898.5358,3846790.527128605,1461.0938,2632.815584549469,0.28923363320645007,1.5972322853821295
KOR,11,2860383.8447776716,513.8438992992528,749613.0164072487,804.7377171290726,3609996.86118492,1318.5816164283256,2737.787950482282,0.26206728085667597,1.5661132071948738
KOR,12,2865059.488364266,515.6897294599999,753923.6837761427,808.2918283184998,3618983.172140409,1323.9815577784998,2733.40905005707,0.26314416396518747,1.5673995081594814
KOR,13,2983780.7733585583,562.558,863378.384609007,898.5358,3847159.1579675656,1461.0938,2633.0678824094425,0.28935717808690886,1.5972322853821295
ROE,0,3614157.1491244785,2040.638141124,618976.4124065018,43.787056,4233133.56153098,2084.425197124,2030.8397573449386,0.17126438803482785,0.021457530915246804
ROE,1,3762383.0562799424,2101.82517029703,731231.6615825157,52.78629599999999,4493614.717862458,2154.6114662970303,2085.5800631123984,0.19435332624145965,0.025114503692302927
ROE,2,3909358.4183315365,2155.66485,798226.323766274,61.651166,4707584.742097811,2217.316016,2123.1004999414617,0.20418345885690029,0.028599606288519295
ROE,3,4056224.808639566,2205.983021296,897182.4228698529,71.098264,4953407.231509419,2277.0812852960003,2175.3317562686484,0.22118656267741793,0.0322297421664788
ROE,4,4215474.964293293,2284.689498446242,1050811.902532511,81.226569,5266286.866825804,2365.916067446242,2225.8975875294714,0.24927485311460634,0.03555256373141299
ROE,5,4419761.395663721,2338.251623446242,1212621.2132962663,97.59188599999999,5632382.608959987,2435.843509446242,2312.292471629443,0.274363501723415,0.041737118888925985
ROE,6,4505094.106817757,2341.792723446242,1411659.8767035203,114.889706,5916753.983521277,2456.6824294462417,2408.432572562896,0.3133474780398468,0.04906057861129801
ROE,7,4828167.035055439,2458.9913604242643,1603406.4757972567,138.718556,6431573.510852695,2597.709916424264,2475.862862973448,0.3320942428369912,0.05641278706081589
ROE,8,5149214.576411613,2604.3016000000002,1847960.996206779,164.76941100000002,6997175.572618392,2769.0710110000005,2526.903623931077,0.3588821108120506,0.06326817562144109
ROE,9,5426751.007210136,2690.99485,2202249.6803114368,192.10765,7629000.687521573,2883.1025,2646.1080338009397,0.405813658556559,0.07138908125372295
ROE,10,5813096.05946323,2842.247942611907,2616011.213927754,219.6181726190476,8429107.273390984,3061.8661152309546,2752.931368050749,0.45002029678644456,0.07726918166654655
ROE,11,7957602.815746523,3818.0232753514993,2893987.8948179292,282.8787758739195,10851590.710564453,4100.902051225419,2646.147256143758,0.3636758408061406,0.07409037490686245
ROE,12,10692990.426445661,4970.5454043799455,3247538.8449198976,344.08862177865194,13940529.271365559,5314.634026158597,2623.0459525059214,0.30370726199175846,0.06922552633267326
ROE,13,14373539.791766882,6489.360638626089,3701488.0999983707,418.94694922974185,18075027.89176525,6908.307587855831,2616.4190956898747,0.25752098325275247,0.06455904865821115
ROW,0,2141375.145070648,649.2527916930694,413555.0532813684,199.75822150336637,2554930.198352016,849.0110131964358,3009.301597552871,0.19312592388743938,0.30767402783506387
ROW,1,2321178.209078936,659.3809881940596,437230.0743011032,209.50833144,2758408.283380039,868.8893196340596,3174.6371155094494,0.18836557770142084,0.3177348682948992
ROW,2,2542953.8653913336,671.4046950930694,465812.6495953231,233.20369136,3008766.5149866566,904.6083864530694,3326.043136504516,0.18317778231640844,0.34733699818359703
ROW,3,2817113.2742128097,685.7448214930695,502179.7230047112,263.35251051999995,3319292.997217521,949.0973320130695,3497.3156969867164,0.17826039428430016,0.3840386427514007
ROW,4,3137796.028349442,702.2712454930695,545205.7916919026,299.02173112,3683001.8200413445,1001.2929766130695,3678.245934071472,0.1737543762456396,0.4257923602012991
ROW,5,3531292.0666968697,749.6707075155693,590925.7514971457,322.2668219487501,4122217.8181940154,1071.9375294643194,3845.5765423699795,0.16733981226590836,0.4298778366527775
ROW,6,4196666.713595916,947.6692409949999,639220.0919760002,311.484,4835886.805571916,1259.1532409949998,3840.586394194985,0.1523161441210289,0.3286842988308443
ROW,7,4636922.854531173,1164.8433528917026,639220.0919760002,311.484,5276142.946507173,1476.3273528917025,3573.8299748851227,0.1378543728307574,0.2674041957888557
ROW,8,5397136.351562316,1471.8282463205446,654533.5376888772,324.17906348,6051669.889251193,1796.0073098005446,3369.512950324941,0.12127422674793246,0.22025604162063223
ROW,9,6973433.719158569,1961.7461135755448,727545.2847809229,384.70683636,7700979.003939493,2346.452949935545,3281.966085938792,0.10433099590264841,0.19610429387257475
ROW,10,8521767.260606365,2724.7103704205447,796426.1415625854,441.81004264,9318193.40216895,3166.520413060545,2942.7233008621643,0.09345786116974002,0.16214935995997584
ROW,11,10136566.50183877,3988.0549333707595,868708.023513898,501.7327469765007,11005274.525352668,4489.78768034726,2451.179278148287,0.08570042167200449,0.12580888562445885
ROW,12,11858503.771936258,5221.63823593923,971063.1974551769,586.5866364965005,12829566.969391435,5808.2248724357305,2208.8619588881797,0.08188749745589713,0.11233766300759242
ROW,13,13442787.669437325,6321.600489500044,1082097.2173415746,678.63541228,14524884.886778899,7000.2359017800445,2074.9136301371586,0.08049648956382482,0.10735183493597697
USA,0,2186739.0334034716,983.8250693069308,1492318.9700194083,395.89237702970297,3679058.0034228796,1379.7174463366337,2666.530029892248,0.6824403585537786,0.4024011883622714
USA,1,2208870.580161122,1063.8644793069307,1662815.4799745153,404.73113222970295,3871686.0601356374,1468.5956115366337,2636.3186909462306,0.7527899076156939,0.3804348581065238
USA,2,2231934.7849419834,1105.320650306931,1821983.4663407763,412.01393766970295,4053918.25128276,1517.3345879766339,2671.7365328689048,0.8163246877252002,0.37275512545187034
USA,3,2251202.2430332433,1144.9116245589307,1991678.2185245198,419.0657163697029,4242880.461557763,1563.9773409286336,2712.8784736986618,0.8847175879857672,0.36602450999756864
USA,4,2355183.7933273846,1261.4631887229307,2215065.767296377,438.9134677097029,4570249.560623761,1700.3766564326336,2687.786581481353,0.9405065428744948,0.34793997290879836
USA,5,2468535.062356118,1388.0850785829307,2477355.2078251573,460.521409409703,4945890.270181276,1848.6064879926337,2675.469496783993,1.0035730282318214,0.3317674229881071
USA,6,2606311.987198518,1527.5141963260003,2836575.6482814904,485.60672833,5442887.635480009,2013.1209246560002,2703.7062547100013,1.0883484641186334,0.31790652387911583
USA,7,3176901.573778002,1670.519330054,2926983.265865227,555.98460113,6103884.839643229,2226.503931184,2741.466006034552,0.9213326878063869,0.3328214113583634
USA,8,3935833.7927586394,1951.1587060695,3010968.23306491,591.09274130625,6946802.025823549,2542.25144737575,2732.539313919721,0.7650140711237992,0.30294447062021584
USA,9,4397801.0359779345,2196.8012333160004,3371333.161426035,630.1380490199999,7769134.197403969,2826.9392823360004,2748.249403851383,0.7665951992474247,0.28684345195346916
USA,10,4593259.2398893675,2370.631272204,3821633.551518341,664.48445538,8414892.791407708,3035.115727584,2772.5113460850125,0.8320091142102374,0.28029852772600183
USA,11,4593259.2398893675,2370.631272204,3847272.863510524,670.62056138,8440532.103399891,3041.2518335840005,2775.3479702642853,0.8375910573693612,0.2828869125465122
USA,12,4593259.2398893675,2370.631272204,3879516.894017932,677.29664538,8472776.1339073,3047.927917584,2779.847937028449,0.8446109159977161,0.28570307551469626
USA,13,4390265.0184961725,2395.961096498165,4170038.8088332145,697.097248701742,8560303.827329386,3093.058345199907,2767.5856294835353,0.9498376046240613,0.2909468145040376
TOTAL,0,15781905.4931084,9257.622000000001,7501743.029236332,1796.8698124290695,23283648.522344727,11054.49181242907,2106.2613205037483,0.4753382303874632,0.19409626061952726
TOTAL,1,17012480.092428062,10025.884610522,7824290.959743142,1944.8657041568888,24836771.052171204,11970.75031467889,2074.788162753309,0.45991477534340147,0.19398444922413974
TOTAL,2,18371484.458223335,10881.939252118002,8210488.531017488,2092.2667044339532,26581972.989240825,12974.205956551956,2048.832358470228,0.44691481244687103,0.19226965488037676
TOTAL,3,19874125.996964864,11837.941265876001,8716215.787257709,2268.7047670519532,28590341.784222573,14106.646032927954,2026.7285162955495,0.43857102388245056,0.19164690177942612
TOTAL,4,21576743.302156486,12907.906774906001,9279274.201947084,2450.2807684941945,30856017.50410357,15358.187543400196,2009.09237609637,0.43005907202963606,0.18982789473330683
TOTAL,5,23503447.10278288,14108.013682158002,9945861.509825662,2615.161400335569,33449308.61260854,16723.17508249357,2000.1769070530452,0.4231660771431286,0.18536708705087862
TOTAL,6,25696108.828427833,15456.950874596001,10810601.247159017,2752.5811777317417,36506710.075586855,18209.53205232774,2004.813191831592,0.4207096615032683,0.1780804765483015
TOTAL,7,28690376.97264518,16976.326642792,11248118.956661921,3061.9549030874973,39938495.9293071,20038.281545879494,1993.1098301949812,0.39205197503631384,0.1803661632764104
TOTAL,8,32121529.352310736,18691.142988100004,11795312.420343408,3425.549864889238,43916841.77265414,22116.69285298924,1985.6875557558074,0.36720892990404536,0.1832712888168565
TOTAL,9,35591187.38538562,20630.351663790003,13000653.462383885,3829.4940467979877,48591840.8477695,24459.84571058799,1986.59637606526,0.3652773177138279,0.18562427384693797
TOTAL,10,39589278.97059372,22827.499873332003,14424834.97367661,4417.640025818738,54014113.94427033,27245.13989915074,1982.5229066250456,0.36436215431938396,0.1935227269885828
TOTAL,11,44539665.61591107,25321.486309526004,14537715.878186028,5190.497763915547,59077381.4940971,30511.98407344155,1936.202554114455,0.3263993044660997,0.20498392947663854
TOTAL,12,50059226.52277266,28157.441045601998,15356735.76176006,6044.471951249109,65415962.284532726,34201.91299685111,1912.6404505664761,0.30677133524574257,0.2146669486570128
TOTAL,13,56341476.47931274,31387.755466518,16439563.697877087,7096.365011347525,72781040.17718983,38484.12047786553,1891.196661725723,0.29178439624160907,0.2260870491015954
